time_s,kEffective_m2s,dkEff_dt_m2s2,normalized_kEff
0,0.4172,0.0003756490167012294,0.4172
1,0.41757564901670124,0.00037581813485049187,0.41757564901670124
2,0.417951636269701,0.0003761565234238762,0.417951636269701
3,0.418327962063549,0.0003764952166840363,0.418327962063549
4,0.41870462670306907,0.0003768342149053361,0.41870462670306907
5,0.41908163049335967,0.0003771735183624447,0.41908163049335967
6,0.41945897373979396,0.0003775131273300869,0.41945897373979396
7,0.41983665674801984,0.0003778530420833759,0.41983665674801984
8,0.4202146798239607,0.00037819326289767474,0.4202146798239607
9,0.4205930432738152,0.0003785337900484853,0.4205930432738152
10,0.4209717474040577,0.00037887462381172576,0.4209717474040577
11,0.42135079252143864,0.00037921576446339755,0.42135079252143864
12,0.4217301789329845,0.0003795572122798907,0.4217301789329845
13,0.4221099069459984,0.0003798989675377895,0.4221099069459984
14,0.42248997686806006,0.0003802410305137893,0.42248997686806006
15,0.422870389007026,0.0003805834014850573,0.422870389007026
16,0.42325114367103017,0.0003809260807289272,0.42325114367103017
17,0.42363224116848386,0.0003812690685229547,0.42363224116848386
18,0.4240136818080761,0.00038161236514494545,0.4240136818080761
19,0.42439546589877375,0.000381955970872927,0.42439546589877375
20,0.42477759374982194,0.00038229988598528775,0.42477759374982194
21,0.4251600656707443,0.00038264411076061045,0.4251600656707443
22,0.42554288197134316,0.00038298864547769984,0.42554288197134316
23,0.4259260429616997,0.000383333490415555,0.4259260429616997
24,0.42630954895217427,0.00038367864585359124,0.42630954895217427
25,0.4266934002534069,0.000384024112071335,0.4266934002534069
26,0.42707759717631694,0.0003843698893485903,0.42707759717631694
27,0.4274621400321041,0.00038471597796554957,0.4274621400321041
28,0.42784702913224804,0.00038506237820243316,0.42784702913224804
29,0.42823226478850895,0.0003854090903398777,0.42823226478850895
30,0.4286178473129278,0.0003857561146586863,0.4286178473129278
31,0.4290037770178263,0.0003861034514399675,0.4290037770178263
32,0.4293900542158077,0.0003864511009651628,0.4293900542158077
33,0.42977667921975665,0.00038679906351568594,0.42977667921975665
34,0.4301636523428391,0.0003871473393734226,0.4301636523428391
35,0.4305509738985035,0.0003874959288205915,0.4305509738985035
36,0.4309386442004803,0.00038784483213946674,0.4309386442004803
37,0.43132666356278243,0.00038819404961268345,0.43132666356278243
38,0.43171503229970565,0.00038854358152315416,0.43171503229970565
39,0.43210375072582874,0.00038889342815387473,0.43210375072582874
40,0.4324928191560134,0.00038924358978825735,0.4324928191560134
41,0.43288223790540525,0.00038959406671004726,0.43288223790540525
42,0.4332720072894335,0.000389944859203073,0.4332720072894335
43,0.4336621276238114,0.00039029596755138507,0.4336621276238114
44,0.43405259922453626,0.0003906473920394504,0.43405259922453626
45,0.4344434224078903,0.0003909991329520135,0.4344434224078903
46,0.4348345974904403,0.000391351190573791,0.4348345974904403
47,0.4352261247890379,0.0003917035651901102,0.4352261247890379
48,0.4356180046208205,0.0003920562570863262,0.4356180046208205
49,0.43601023730321053,0.0003924092665480994,0.43601023730321053
50,0.4364028231539167,0.0003927625938614787,0.4364028231539167
51,0.4367957624909335,0.0003931162393125409,0.4367957624909335
52,0.4371890556325418,0.00039347020318777903,0.4371890556325418
53,0.43758270289730905,0.0003938244857738804,0.43758270289730905
54,0.43797670460408955,0.0003941790873578377,0.43797670460408955
55,0.4383710610720247,0.00039453400822689333,0.4383710610720247
56,0.43876577262054334,0.00039488924866851183,0.43876577262054334
57,0.43916083956936175,0.00039524480897049075,0.43916083956936175
58,0.4395562622384843,0.0003956006894207664,0.4395562622384843
59,0.4399520409482033,0.00039595689030755277,0.4399520409482033
60,0.4403481760190994,0.00039631341191948,0.4403481760190994
61,0.44074466777204224,0.0003966702545453171,0.44074466777204224
62,0.44114151652819006,0.0003970274184740552,0.44114151652819006
63,0.44153872260899035,0.0003973849039950461,0.44153872260899035
64,0.44193628633618015,0.00039774271139780826,0.44193628633618015
65,0.44233420803178597,0.0003981008409721931,0.44233420803178597
66,0.44273248801812454,0.0003984592930083297,0.44273248801812454
67,0.44313112661780263,0.0003988180677964581,0.44313112661780263
68,0.44353012415371745,0.00039917716562726246,0.44353012415371745
69,0.44392948094905715,0.00039953658679159343,0.44392948094905715
70,0.44432919732730064,0.0003998963315805515,0.44432919732730064
71,0.44472927361221826,0.0004002564002856257,0.44472927361221826
72,0.4451297101278719,0.0004006167931983884,0.4451297101278719
73,0.44553050719861503,0.0004009775106107172,0.44553050719861503
74,0.4459316651490933,0.0004013385528148783,0.4459316651490933
75,0.4463331843042448,0.00040169992010330446,0.4463331843042448
76,0.44673506498929993,0.00040206161276867824,0.44673506498929993
77,0.44713730752978215,0.0004024236311039875,0.44713730752978215
78,0.4475399122515079,0.0004027859754024421,0.4475399122515079
79,0.44794287948058703,0.0004031486459575573,0.44794287948058703
80,0.448346209543423,0.00040351164306315357,0.448346209543423
81,0.44874990276671334,0.0004038749670131625,0.44874990276671334
82,0.44915395947744935,0.0004042386181019042,0.44915395947744935
83,0.44955838000291715,0.0004046025966240041,0.44955838000291715
84,0.44996316467069736,0.0004049669028741709,0.44996316467069736
85,0.4503683138086655,0.0004053315371475297,0.4503683138086655
86,0.4507738277449924,0.0004056964997395107,0.4507738277449924
87,0.4511797068081445,0.0004060617909456832,0.4511797068081445
88,0.4515859513268838,0.00040642741106189373,0.4515859513268838
89,0.4519925616302683,0.0004067933603843499,0.4519925616302683
90,0.4523995380476525,0.00040715963920942566,0.4523995380476525
91,0.45280688090868715,0.0004075262478338282,0.45280688090868715
92,0.45321459054332014,0.00040789318655456985,0.45321459054332014
93,0.4536226672817963,0.0004082604556687741,0.4536226672817963
94,0.4540311114546577,0.00040862805547398073,0.4540311114546577
95,0.45443992339274425,0.00040899598626792377,0.45443992339274425
96,0.45484910342719354,0.00040936424834861485,0.45484910342719354
97,0.4552586518894415,0.0004097328420144264,0.4552586518894415
98,0.4556685691112224,0.00041010176756384187,0.4556685691112224
99,0.45607885542456916,0.00041047102529570556,0.45607885542456916
100,0.4564895111618138,0.0004108406155091393,0.4564895111618138
101,0.45690053665558744,0.0004112105385034315,0.45690053665558744
102,0.45731193223882066,0.00041158079457831453,0.45731193223882066
103,0.45772369824474407,0.00041195138403371523,0.45772369824474407
104,0.4581358350068881,0.0004123223071696991,0.4581358350068881
105,0.45854834285908347,0.0004126935642868035,0.45854834285908347
106,0.4589612221354617,0.0004130651556857323,0.4589612221354617
107,0.45937447317045493,0.00041343708166741155,0.45937447317045493
108,0.4597880962987965,0.00041380934253318347,0.4597880962987965
109,0.4602020918555213,0.00041418193858450136,0.4602020918555213
110,0.4606164601759655,0.0004145548701232349,0.4606164601759655
111,0.46103120159576777,0.0004149281374515035,0.46103120159576777
112,0.46144631645086853,0.0004153017408715376,0.46144631645086853
113,0.46186180507751085,0.0004156756806859563,0.46186180507751085
114,0.46227766781224044,0.00041604995719776716,0.46227766781224044
115,0.4626939049919064,0.00041642457071003336,0.4626939049919064
116,0.4631105169536605,0.00041679952152617883,0.4631105169536605
117,0.46352750403495874,0.0004171748099500716,0.46352750403495874
118,0.46394486657356065,0.0004175504362854965,0.46394486657356065
119,0.46436260490752973,0.00041792640083684884,0.46436260490752973
120,0.46478071937523435,0.00041830270390860735,0.46478071937523435
121,0.46519921031534694,0.0004186793458054727,0.46519921031534694
122,0.4656180780668453,0.0004190563268327563,0.4656180780668453
123,0.46603732296901246,0.00041943364729565835,0.46603732296901246
124,0.4664569453614366,0.0004198113074998233,0.4664569453614366
125,0.4668769455840121,0.00042018930775117314,0.4668769455840121
126,0.46729732397693896,0.00042056764835582405,0.46729732397693896
127,0.46771808088072375,0.0004209463296203919,0.46771808088072375
128,0.46813921663617974,0.0004213253518515203,0.46813921663617974
129,0.4685607315844268,0.00042170471535610266,0.4685607315844268
130,0.46898262606689195,0.0004220844204415597,0.46898262606689195
131,0.4694049004253099,0.00042246446741550647,0.4694049004253099
132,0.46982755500172296,0.00042284485658561355,0.46982755500172296
133,0.47025059013848114,0.0004232255882600511,0.47025059013848114
134,0.47067400617824307,0.00042360666274735004,0.47067400617824307
135,0.47109780346397584,0.0004239880803559859,0.47109780346397584
136,0.47152198233895504,0.0004243698413949337,0.47152198233895504
137,0.4719465431467657,0.00042475194617355716,0.4719465431467657
138,0.47237148623130215,0.0004251343950013309,0.47237148623130215
139,0.47279681193676837,0.0004255171881879516,0.47279681193676837
140,0.47322252060767805,0.0004259003260434491,0.47322252060767805
141,0.47364861258885527,0.0004262838088782972,0.47364861258885527
142,0.47407508822543465,0.0004266676370029976,0.47407508822543465
143,0.47450194786286126,0.0004270518107285515,0.47450194786286126
144,0.47492919184689175,0.00042743633036609885,0.47492919184689175
145,0.47535682052359346,0.00042782119622708503,0.47535682052359346
146,0.4757848342393459,0.0004282064086232884,0.4757848342393459
147,0.47621323334084004,0.0004285919678666539,0.47621323334084004
148,0.47664201817507923,0.00042897787426957046,0.47664201817507923
149,0.4770711890893792,0.00042936412814462144,0.4770711890893792
150,0.4775007464313685,0.0004297507298045844,0.4775007464313685
151,0.47793069054898835,0.00043013767956265325,0.47793069054898835
152,0.4783610217904938,0.00043052497773232723,0.4783610217904938
153,0.478791740504453,0.0004309126246272166,0.478791740504453
154,0.4792228470397482,0.0004313006205613201,0.4792228470397482
155,0.47965434174557564,0.0004316889658490253,0.47965434174557564
156,0.48008622497144626,0.00043207766080483045,0.48008622497144626
157,0.4805184970671853,0.00043246670574345614,0.4805184970671853
158,0.4809511583829332,0.0004328561009801779,0.4809511583829332
159,0.48138420926914566,0.00043324584683038236,0.48138420926914566
160,0.48181765007659394,0.00043363594360976143,0.48181765007659394
161,0.4822514811563652,0.0004340263916342846,0.4822514811563652
162,0.4826857028598625,0.00043441719122019884,0.4826857028598625
163,0.4831203155388056,0.0004348083426840843,0.4831203155388056
164,0.4835553195452307,0.00043519984634271536,0.4835553195452307
165,0.483990715231491,0.0004355917025132272,0.483990715231491
166,0.48442650295025713,0.0004359839115130326,0.48442650295025713
167,0.4848626830545171,0.00043637647365984966,0.4848626830545171
168,0.48529925589757683,0.00043676938927167397,0.48529925589757683
169,0.4857362218330604,0.00043716265866669546,0.4857362218330604
170,0.4861735812149102,0.0004375562821635204,0.4861735812149102
171,0.48661133439738746,0.00043795026008097704,0.48661133439738746
172,0.4870494817350722,0.000438344592738088,0.4870494817350722
173,0.48748802358286364,0.00043873928045434774,0.48748802358286364
174,0.48792696029598087,0.0004391343235495282,0.48792696029598087
175,0.4883662922299627,0.0004395297223434569,0.4883662922299627
176,0.4888060197406678,0.00043992547715648866,0.4888060197406678
177,0.4892461431842757,0.0004403215883092837,0.4892461431842757
178,0.48968666291728635,0.00044071805612250214,0.48968666291728635
179,0.4901275792965207,0.00044111488091738704,0.4901275792965207
180,0.4905688926791211,0.0004415120630153202,0.4905688926791211
181,0.4910106034225513,0.00044190960273804425,0.4910106034225513
182,0.4914527118845972,0.0004423075004076904,0.4914527118845972
183,0.4918952184233667,0.0004427057563463066,0.4918952184233667
184,0.49233812339728983,0.0004431043708766347,0.49233812339728983
185,0.49278142716511997,0.0004435033443215275,0.49278142716511997
186,0.4932251300859329,0.00044390267700417096,0.4932251300859329
187,0.4936692325191283,0.00044430236924805633,0.4936692325191283
188,0.494113734824429,0.0004447024213768136,0.494113734824429
189,0.49455863736188194,0.00044510283371460013,0.49455863736188194
190,0.4950039404918582,0.00044550360658568433,0.4950039404918582
191,0.4954496445750533,0.00044590474031466765,0.4954496445750533
192,0.49589574997248753,0.00044630623522651236,0.49589574997248753
193,0.49634225704550633,0.00044670809164654157,0.49634225704550633
194,0.4967891661557806,0.0004471103099001339,0.4967891661557806
195,0.4972364776653066,0.00044751289031302877,0.4972364776653066
196,0.4976841919364067,0.0004479158332114097,0.4976841919364067
197,0.4981323093317294,0.0004483191389216268,0.4981323093317294
198,0.4985808302142499,0.00044872280777033535,0.4985808302142499
199,0.4990297549472701,0.0004491268400846349,0.4990297549472701
200,0.4994790838944192,0.0004495312361917081,0.4994790838944192
201,0.4999288174196535,0.00044993599641901527,0.4999288174196535
202,0.5003789558872572,0.0004503411210946273,0.5003789558872572
203,0.5008294996618428,0.0004507466105464486,0.5008294996618428
204,0.5012804491083501,0.0004511524651030774,0.5012804491083501
205,0.5017318045920489,0.00045155868509327846,0.5017318045920489
206,0.5021835664785367,0.0004519652708459554,0.5021835664785367
207,0.5026357351337408,0.0004523722226906224,0.5026357351337408
208,0.5030883109239179,0.0004527795409567936,0.5030883109239179
209,0.5035412942156544,0.0004531872259743719,0.5035412942156544
210,0.5039946853758667,0.0004535952780736485,0.5039946853758667
211,0.5044484847718017,0.0004540036975851369,0.5044484847718017
212,0.5049026927710369,0.00045441248483957253,0.5049026927710369
213,0.5053573097414809,0.0004548216401682459,0.5053573097414809
214,0.5058123360513734,0.00045523116390244756,0.5058123360513734
215,0.5062677720692857,0.00045564105637385666,0.5062677720692857
216,0.5067236181641211,0.0004560513179146519,0.5067236181641211
217,0.507179874705115,0.00045646194885695657,0.507179874705115
218,0.5076365420618351,0.00045687294953350444,0.5076365420618351
219,0.5080936206041821,0.0004572843202771404,0.5080936206041821
220,0.5085511107023893,0.00045769606142104236,0.5085511107023893
221,0.5090090127270241,0.0004581081732989434,0.5090090127270241
222,0.5094673270489872,0.00045852065624440996,0.5094673270489872
223,0.509926054039513,0.00045893351059156373,0.509926054039513
224,0.5103851940701704,0.0004593467366749149,0.5103851940701704
225,0.5108447475128628,0.00045976033482925116,0.5108447475128628
226,0.5113047147398289,0.00046017430538941584,0.5113047147398289
227,0.5117650961236416,0.00046058864869069627,0.5117650961236416
228,0.5122258920372103,0.0004610033650689349,0.5122258920372103
229,0.5126871028537795,0.0004614184548598632,0.5126871028537795
230,0.51314872894693,0.00046183391839976773,0.51314872894693
231,0.513610770690579,0.0004622497560252681,0.513610770690579
232,0.5140732284589805,0.0004626659680730394,0.5140732284589805
233,0.5145361026267251,0.0004630825548802009,0.5145361026267251
234,0.5149993935687409,0.0004634995167842604,0.5149993935687409
235,0.5154631016602936,0.0004639168541230587,0.5154631016602936
236,0.515927227276987,0.0004643345672344368,0.515927227276987
237,0.5163917707947625,0.00046475265645684605,0.5163917707947625
238,0.5168567325899007,0.0004651711221290711,0.5168567325899007
239,0.5173221130390206,0.0004655899645897299,0.5173221130390206
240,0.5177879125190802,0.0004660091841783842,0.5177879125190802
241,0.5182541314073774,0.00046642878123454024,0.5182541314073774
242,0.5187207700815493,0.0004668487560979817,0.5187207700815493
243,0.5191878289195734,0.0004672691091089365,0.5191878289195734
244,0.5196553082997671,0.00046768984060790997,0.5196553082997671
245,0.5201232086007892,0.0004681109509356851,0.5201232086007892
246,0.5205915302016385,0.00046853244043337794,0.5205915302016385
247,0.521060273481656,0.0004689543094423265,0.521060273481656
248,0.5215294388205232,0.0004693765583042575,0.5215294388205232
249,0.5219990265982645,0.00046979918736134163,0.5219990265982645
250,0.5224690371952458,0.0004702221969556941,0.5224690371952458
251,0.5229394709921759,0.0004706455874300963,0.5229394709921759
252,0.523410328370106,0.00047106935912744063,0.523410328370106
253,0.5238816097104307,0.000471493512391008,0.5238816097104307
254,0.524353315394888,0.00047191804756435696,0.524353315394888
255,0.5248254458055595,0.00047234296499132356,0.5248254458055595
256,0.5252980013248707,0.00047276826501613245,0.5252980013248707
257,0.5257709823355917,0.0004731939479831748,0.5257709823355917
258,0.526244389220837,0.00047362001423739697,0.526244389220837
259,0.5267182223640665,0.0004740464641239672,0.5267182223640665
260,0.527192482149085,0.00047447329798810944,0.527192482149085
261,0.5276671689600427,0.00047490051617554707,0.5276671689600427
262,0.5281422831814361,0.00047532811903255867,0.5281422831814361
263,0.5286178251981078,0.0004757561069053673,0.5286178251981078
264,0.5290937953952468,0.00047618448014058457,0.5290937953952468
265,0.529570194158389,0.0004766132390853217,0.529570194158389
266,0.5300470218734175,0.000477042384086801,0.5300470218734175
267,0.5305242789265626,0.00047747191549263324,0.5305242789265626
268,0.5310019657044027,0.00047790183365076233,0.5310019657044027
269,0.5314800825938641,0.0004783321389093542,0.5314800825938641
270,0.5319586299822214,0.0004787628316169634,0.5319586299822214
271,0.5324376082570981,0.00047919391212253304,0.5324376082570981
272,0.5329170178064665,0.0004796253807752282,0.5329170178064665
273,0.5333968590186485,0.0004800572379244916,0.5333968590186485
274,0.5338771322823155,0.00048048948392009905,0.5338771322823155
275,0.5343578379864887,0.00048092211911232585,0.5343578379864887
276,0.5348389765205401,0.0004813551438514474,0.5348389765205401
277,0.5353205482741916,0.00048178855848823865,0.5353205482741916
278,0.5358025536375166,0.00048222236337380764,0.5358025536375166
279,0.5362849930009392,0.00048265655885948444,0.5362849930009392
280,0.5367678667552356,0.0004830911452969877,0.5367678667552356
281,0.5372511752915332,0.00048352612303836917,0.5372511752915332
282,0.5377349190013123,0.0004839614924359581,0.5377349190013123
283,0.5382190982764051,0.00048439725384241683,0.5382190982764051
284,0.5387037135089972,0.00048483340761062976,0.5387037135089972
285,0.5391887650916264,0.00048526995409392537,0.5391887650916264
286,0.539674253417185,0.0004857068936458542,0.539674253417185
287,0.5401601788789181,0.0004861442266204663,0.5401601788789181
288,0.5406465418704259,0.0004865819533719784,0.5406465418704259
289,0.541133342785662,0.00048702007425477367,0.541133342785662
290,0.5416205820189355,0.00048745858962395694,0.5416205820189355
291,0.54210825996491,0.00048789749983457753,0.54210825996491
292,0.5425963770186046,0.0004883368052421844,0.5425963770186046
293,0.5430849335753943,0.0004887765062026594,0.5430849335753943
294,0.54357393003101,0.0004892166030721623,0.54357393003101
295,0.5440633667815387,0.0004896570962070745,0.5440633667815387
296,0.5445532442234241,0.0004900979859642773,0.5445532442234241
297,0.5450435627534672,0.0004905392727009295,0.5450435627534672
298,0.545534322768826,0.0004909809567744117,0.545534322768826
299,0.546025524667016,0.0004914230385424379,0.546025524667016
300,0.5465171688459108,0.0004918655183631104,0.5465171688459108
301,0.5470092557037423,0.0004923083965949759,0.5470092557037423
302,0.5475017856391008,0.0004927516735966919,0.5475017856391008
303,0.5479947590509356,0.0004931953497271935,0.5479947590509356
304,0.5484881763385552,0.0004936394253459708,0.5484881763385552
305,0.5489820379016276,0.0004940839008127917,0.5489820379016276
306,0.5494763441401808,0.0004945287764875905,0.5494763441401808
307,0.5499710954546028,0.0004949740527306346,0.5499710954546028
308,0.550466292245642,0.0004954197299026908,0.550466292245642
309,0.5509619349144081,0.0004958658083648593,0.5509619349144081
310,0.5514580238623717,0.0004963122884782956,0.5514580238623717
311,0.5519545594913647,0.0004967591706047103,0.5519545594913647
312,0.5524515422035812,0.0004972064551060917,0.5524515422035812
313,0.5529489724015769,0.0004976541423447611,0.5529489724015769
314,0.5534468504882707,0.0004981022326832063,0.5534468504882707
315,0.5539451768669433,0.0004985507264845257,0.5539451768669433
316,0.5544439519412397,0.0004989996241120953,0.5544439519412397
317,0.5549431761151675,0.0004994489259292911,0.5549431761151675
318,0.5554428497930983,0.0004998986323000998,0.5554428497930983
319,0.5559429733797677,0.000500348743588841,0.5559429733797677
320,0.556443547280276,0.0005007992601601674,0.556443547280276
321,0.5569445719000881,0.0005012501823788984,0.5569445719000881
322,0.5574460476450338,0.0005017015106101863,0.5574460476450338
323,0.5579479749213084,0.0005021532452198496,0.5579479749213084
324,0.5584503541354735,0.0005026053865736513,0.5584503541354735
325,0.5589531856944557,0.0005030579350377984,0.5589531856944557
326,0.5594564700055491,0.0005035108909789976,0.5594564700055491
327,0.5599602074764137,0.0005039642547639001,0.5599602074764137
328,0.5604643985150769,0.0005044180267599341,0.5604643985150769
329,0.5609690435299336,0.00050487220733475,0.5609690435299336
330,0.5614741429297464,0.0005053267968559427,0.5614741429297464
331,0.5619796971236455,0.0005057817956917732,0.5619796971236455
332,0.56248570652113,0.0005062372042110019,0.56248570652113
333,0.5629921715320675,0.0005066930227824451,0.5629921715320675
334,0.5634990925666948,0.0005071492517751408,0.5634990925666948
335,0.5640064700356178,0.0005076058915587933,0.5640064700356178
336,0.5645143043498124,0.0005080629425033845,0.5645143043498124
337,0.5650225959206245,0.0005085204049788405,0.5650225959206245
338,0.5655313451597701,0.0005089782793558095,0.5655313451597701
339,0.5660405524793362,0.0005094365660053279,0.5660405524793362
340,0.5665502182917808,0.0005098952652984878,0.5665502182917808
341,0.5670603430099331,0.0005103543776067698,0.5670603430099331
342,0.5675709270469943,0.0005108139033021541,0.5675709270469943
343,0.5680819708165374,0.0005112738427568431,0.5680819708165374
344,0.568593474732508,0.0005117341963433719,0.568593474732508
345,0.5691054392092242,0.0005121949644346091,0.5691054392092242
346,0.5696178646613772,0.0005126561474038116,0.5696178646613772
347,0.5701307515040318,0.000513117745624514,0.5701307515040318
348,0.5706441001526262,0.0005135797594706393,0.5706441001526262
349,0.5711579110229731,0.0005140421893163882,0.5711579110229731
350,0.571672184531259,0.0005145050355362946,0.571672184531259
351,0.5721869210940457,0.0005149682985053916,0.5721869210940457
352,0.5727021211282698,0.0005154319785987682,0.5727021211282698
353,0.5732177850512432,0.0005158960761920683,0.5732177850512432
354,0.5737339132806539,0.000516360591661269,0.5737339132806539
355,0.5742505062345657,0.0005168255253825138,0.5742505062345657
356,0.574767564331419,0.0005172908777325014,0.574767564331419
357,0.5752850879900308,0.0005177566490881524,0.5752850879900308
358,0.5758030776295953,0.0005182228398267208,0.5758030776295953
359,0.5763215336696842,0.0005186894503258488,0.5763215336696842
360,0.576840456530247,0.0005191564809633453,0.576840456530247
361,0.5773598466316109,0.0005196239321176299,0.5773598466316109
362,0.5778797043944822,0.0005200918041674552,0.5778797043944822
363,0.5784000302399458,0.0005205600974915736,0.5784000302399458
364,0.5789208245894654,0.0005210288124693485,0.5789208245894654
365,0.5794420878648845,0.0005214979494805871,0.5794420878648845
366,0.5799638204884265,0.0005219675089052078,0.5799638204884265
367,0.5804860228826949,0.0005224374911235175,0.5804860228826949
368,0.5810086954706736,0.000522907896516156,0.5810086954706736
369,0.5815318386757272,0.000523378725464263,0.5815318386757272
370,0.5820554529216021,0.0005238499783492001,0.5820554529216021
371,0.5825795386324256,0.000524321655552551,0.5825795386324256
372,0.5831040962327072,0.0005247937574565653,0.5831040962327072
373,0.5836291261473388,0.000525266284443604,0.5836291261473388
374,0.5841546288015944,0.0005257392368962499,0.5841546288015944
375,0.5846806046211313,0.0005262126151976965,0.5846806046211313
376,0.5852070540319898,0.0005266864197314702,0.5852070540319898
377,0.5857339774605942,0.0005271606508812088,0.5857339774605942
378,0.5862613753337522,0.0005276353090311603,0.5862613753337522
379,0.5867892480786565,0.000528110394565684,0.5867892480786565
380,0.5873175961228836,0.0005285859078696387,0.5873175961228836
381,0.5878464198943958,0.0005290618493283272,0.5878464198943958
382,0.5883757198215402,0.0005295382193270526,0.5883757198215402
383,0.5889054963330499,0.0005300150182517283,0.5889054963330499
384,0.5894357498580437,0.0005304922464886563,0.5894357498580437
385,0.5899664808260272,0.0005309699044244165,0.5899664808260272
386,0.5904976896668925,0.0005314479924456994,0.5904976896668925
387,0.5910293768109186,0.0005319265109398619,0.5910293768109186
388,0.5915615426887723,0.0005324054602945938,0.5915615426887723
389,0.5920941877315078,0.0005328848408977516,0.5920941877315078
390,0.5926273123705678,0.0005333646531377467,0.5926273123705678
391,0.5931609170377833,0.0005338448974031018,0.5931609170377833
392,0.593695002165374,0.0005343255740827835,0.593695002165374
393,0.5942295681859489,0.0005348066835662579,0.5942295681859489
394,0.5947646155325065,0.000535288226243158,0.5947646155325065
395,0.5953001446384352,0.0005357702025035604,0.5953001446384352
396,0.5958361559375136,0.0005362526127378753,0.5958361559375136
397,0.5963726498639109,0.00053673545733679,0.5963726498639109
398,0.5969096268521872,0.000537218736691436,0.5969096268521872
399,0.5974470873372938,0.0005377024511933892,0.5974470873372938
400,0.597985031754574,0.0005381866012343917,0.597985031754574
401,0.5985234605397626,0.0005386711872064076,0.5985234605397626
402,0.5990623741289868,0.000539156209502123,0.5990623741289868
403,0.5996017729587668,0.0005396416685145011,0.5996017729587668
404,0.6001416574660158,0.0005401275646366166,0.6001416574660158
405,0.60068202808804,0.0005406138982620989,0.60068202808804
406,0.60122288526254,0.0005411006697848553,0.60122288526254
407,0.6017642294276098,0.0005415878795991813,0.6017642294276098
408,0.6023060610217383,0.0005420755280997613,0.6023060610217383
409,0.6028483804838093,0.0005425636156815017,0.6028483804838093
410,0.6033911882531013,0.0005430521427398638,0.6033911882531013
411,0.603934484769289,0.0005435411096704756,0.603934484769289
412,0.6044782704724423,0.0005440305168692983,0.6044782704724423
413,0.6050225458030276,0.0005445203647329033,0.6050225458030276
414,0.6055673112019081,0.00054501065365814,0.6055673112019081
415,0.6061125671103439,0.0005455013840420242,0.6061125671103439
416,0.6066583139699921,0.0005459925562819601,0.6066583139699921
417,0.6072045522229078,0.0005464841707759627,0.6072045522229078
418,0.6077512823115441,0.0005469762279222135,0.6077512823115441
419,0.6082985046787522,0.0005474687281191715,0.6082985046787522
420,0.6088462197677824,0.0005479616717658509,0.6088462197677824
421,0.6093944280222839,0.0005484550592614323,0.6093944280222839
422,0.6099431298863053,0.0005489488910057072,0.6099431298863053
423,0.6104923258042954,0.0005494431673987443,0.6104923258042954
424,0.6110420162211028,0.0005499378888406126,0.6110420162211028
425,0.6115922015819766,0.0005504330557322135,0.6115922015819766
426,0.6121428823325672,0.0005509286684746706,0.6121428823325672
427,0.6126940589189259,0.0005514247274693296,0.6126940589189259
428,0.6132457317875059,0.0005519212331180912,0.6132457317875059
429,0.6137979013851621,0.0005524181858231336,0.6137979013851621
430,0.6143505681591521,0.0005529155859868573,0.6143505681591521
431,0.6149037325571358,0.0005534134340122177,0.6149037325571358
432,0.6154573950271766,0.0005539117303025587,0.6154573950271766
433,0.6160115560177409,0.000554410475261391,0.6160115560177409
434,0.6165662159776993,0.0005549096692927247,0.6165662159776993
435,0.6171213753563264,0.0005554093128009585,0.6171213753563264
436,0.6176770346033013,0.0005559094061907133,0.6176770346033013
437,0.6182331941687078,0.0005564099498671649,0.6182331941687078
438,0.6187898545030356,0.0005569109442357112,0.6187898545030356
439,0.6193470160571792,0.0005574123897020833,0.6193470160571792
440,0.6199046792824398,0.0005579142866726228,0.6199046792824398
441,0.6204628446305245,0.0005584166355537268,0.6204628446305245
442,0.6210215125535472,0.000558919436752292,0.6210215125535472
443,0.6215806835040291,0.0005594226906757149,0.6215806835040291
444,0.6221403579348986,0.0005599263977314473,0.6221403579348986
445,0.622700536299492,0.000560430558327607,0.622700536299492
446,0.6232612190515538,0.0005609351728727008,0.6232612190515538
447,0.6238224066452374,0.0005614402417751796,0.6238224066452374
448,0.6243840995351042,0.0005619457654442717,0.6243840995351042
449,0.6249462981761259,0.0005624517442894827,0.6249462981761259
450,0.6255090030236832,0.0005629581787206517,0.6255090030236832
451,0.6260722145335672,0.0005634650691480059,0.6260722145335672
452,0.6266359331619792,0.0005639724159820503,0.6266359331619792
453,0.6272001593655313,0.0005644802196337895,0.6272001593655313
454,0.6277648936012468,0.0005649884805145056,0.6277648936012468
455,0.6283301363265603,0.0005654971990360358,0.6283301363265603
456,0.6288958879993188,0.0005660063756102729,0.6288958879993188
457,0.6294621490777809,0.0005665160106496092,0.6294621490777809
458,0.630028920020618,0.0005670261045670477,0.630028920020618
459,0.630596201286915,0.0005675366577756469,0.630596201286915
460,0.6311639933361693,0.0005680476706889648,0.6311639933361693
461,0.6317322966282929,0.0005685591437210036,0.6317322966282929
462,0.6323011116236114,0.0005690710772858765,0.6323011116236114
463,0.6328704387828646,0.0005695834717983073,0.6328704387828646
464,0.633440278567208,0.0005700963276734639,0.633440278567208
465,0.6340106314382116,0.0005706096453266807,0.6340106314382116
466,0.6345814978578613,0.0005711234251737363,0.6345814978578613
467,0.635152878288559,0.0005716376676307422,0.635152878288559
468,0.6357247731931228,0.0005721523731143652,0.6357247731931228
469,0.6362971830347878,0.000572667542041494,0.6362971830347878
470,0.6368701082772058,0.0005731831748292393,0.6368701082772058
471,0.6374435493844463,0.0005736992718953782,0.6374435493844463
472,0.6380175068209966,0.0005742158336580205,0.6380175068209966
473,0.6385919810517623,0.0005747328605354984,0.6385919810517623
474,0.6391669725420676,0.0005752503529466435,0.6391669725420676
475,0.6397424817576556,0.0005757683113106205,0.6397424817576556
476,0.6403185091646888,0.000576286736046927,0.6403185091646888
477,0.6408950552297494,0.0005768056275755051,0.6408950552297494
478,0.6414721204198398,0.0005773249863167407,0.6414721204198398
479,0.6420497052023829,0.0005778448126912417,0.6420497052023829
480,0.6426278100452223,0.0005783651071200047,0.6426278100452223
481,0.6432064354166229,0.0005788858700245259,0.6432064354166229
482,0.6437855817852713,0.0005794071018266345,0.6437855817852713
483,0.6443652496202762,0.0005799288029486038,0.6443652496202762
484,0.6449454393911686,0.0005804509738129848,0.6449454393911686
485,0.6455261515679022,0.0005809736148425504,0.6455261515679022
486,0.6461073866208537,0.0005814967264607396,0.6461073866208537
487,0.6466891450208236,0.000582020309091491,0.6466891450208236
488,0.6472714272390366,0.0005825443631586324,0.6472714272390366
489,0.6478542337471409,0.0005830688890867131,0.6478542337471409
490,0.6484375650172101,0.0005835938873006707,0.6484375650172101
491,0.6490214215217422,0.0005841193582256654,0.6490214215217422
492,0.6496058037336614,0.0005846453022874121,0.6496058037336614
493,0.6501907121263171,0.0005851717199118478,0.6501907121263171
494,0.6507761471734851,0.0005856986115254093,0.6507761471734851
495,0.6513621093493679,0.0005862259775549217,0.6513621093493679
496,0.6519485991285949,0.0005867538184274879,0.6519485991285949
497,0.6525356169862229,0.0005872821345707102,0.6525356169862229
498,0.6531231633977364,0.0005878109264124687,0.6531231633977364
499,0.6537112388390478,0.0005883401943810873,0.6537112388390478
500,0.6542998437864985,0.0005888699389052787,0.6542998437864985
501,0.6548889787168584,0.0005894001604141441,0.6548889787168584
502,0.6554786441073268,0.0005899308593372288,0.6554786441073268
503,0.6560688404355328,0.0005904620361043555,0.6560688404355328
504,0.6566595681795355,0.0005909936911457359,0.6566595681795355
505,0.6572508278178243,0.0005915258248920252,0.6572508278178243
506,0.6578426198293196,0.0005920584377742677,0.6578426198293196
507,0.6584349446933728,0.000592591530223896,0.6584349446933728
508,0.6590278028897674,0.0005931251026727313,0.6590278028897674
509,0.6596211948987183,0.000593659155552817,0.6596211948987183
510,0.660215121200873,0.0005941936892968624,0.660215121200873
511,0.660809582277312,0.0005947287043379101,0.660809582277312
512,0.6614045786095488,0.0005952642011092801,0.6614045786095488
513,0.6620001106795306,0.0005958001800446255,0.6620001106795306
514,0.6625961789696381,0.0005963366415780991,0.6625961789696381
515,0.6631927839626868,0.0005968735861442975,0.6631927839626868
516,0.6637899261419267,0.0005974110141782063,0.6637899261419267
517,0.6643876059910432,0.0005979489261150883,0.6643876059910432
518,0.6649858239941568,0.0005984873223905396,0.6649858239941568
519,0.6655845806358243,0.0005990262034407667,0.6655845806358243
520,0.6661838764010384,0.0005995655697022539,0.6661838764010384
521,0.6667837117752288,0.0006001054216119295,0.6667837117752288
522,0.6673840872442622,0.0006006457596070547,0.6673840872442622
523,0.6679850032944429,0.0006011865841251685,0.6679850032944429
524,0.6685864604125126,0.0006017278956044758,0.6685864604125126
525,0.6691884590856518,0.0006022696944835149,0.6691884590856518
526,0.6697909998014796,0.0006028119812009902,0.6697909998014796
527,0.6703940830480538,0.0006033547561961616,0.6703940830480538
528,0.6709977093138719,0.0006038980199086219,0.6709977093138719
529,0.6716018790878711,0.00060444177277863,0.6716018790878711
530,0.6722065928594292,0.0006049860152466113,0.6722065928594292
531,0.6728118511183643,0.0006055307477532135,0.6728118511183643
532,0.6734176543549356,0.0006060759707396945,0.6734176543549356
533,0.6740240030598437,0.0006066216846477568,0.6740240030598437
534,0.6746308977242311,0.000607167889919491,0.6746308977242311
535,0.6752383388396827,0.00060771458699721,0.6752383388396827
536,0.6758463268982255,0.0006082617763237264,0.6758463268982255
537,0.6764548623923301,0.000608809458342352,0.6764548623923301
538,0.6770639458149103,0.0006093576334966766,0.6770639458149103
539,0.6776735776593235,0.0006099063022306783,0.6776735776593235
540,0.6782837584193716,0.000610455464988946,0.6782837584193716
541,0.6788944885893013,0.0006110051222161239,0.6788944885893013
542,0.6795057686638039,0.000611555274357356,0.6795057686638039
543,0.6801175991380161,0.0006121059218585079,0.6801175991380161
544,0.6807299805075209,0.000612657065165445,0.6807299805075209
545,0.681342913268347,0.0006132087047246437,0.681342913268347
546,0.6819563979169702,0.0006137608409830242,0.6819563979169702
547,0.682570434950313,0.0006143134743876177,0.682570434950313
548,0.6831850248657454,0.0006148666053861218,0.6831850248657454
549,0.6838001681610852,0.0006154202344266779,0.6838001681610852
550,0.6844158653345987,0.0006159743619577052,0.6844158653345987
551,0.6850321168850007,0.0006165289884279002,0.6850321168850007
552,0.6856489233114546,0.0006170841142866257,0.6856489233114546
553,0.6862662851135739,0.0006176397399836331,0.6862662851135739
554,0.6868842027914218,0.0006181958659687292,0.6868842027914218
555,0.6875026768455114,0.0006187524926924981,0.6875026768455114
556,0.6881217077768068,0.0006193096206059123,0.6881217077768068
557,0.6887412960867232,0.000619867250160111,0.6887412960867232
558,0.689361442277127,0.0006204253818068439,0.689361442277127
559,0.6899821468503369,0.0006209840159981384,0.6899821468503369
560,0.6906034103091233,0.0006215431531865212,0.6906034103091233
561,0.6912252331567099,0.0006221027938249635,0.6912252331567099
562,0.6918476158967732,0.0006226629383666027,0.6918476158967732
563,0.6924705590334431,0.000623223587265187,0.6924705590334431
564,0.6930940630713036,0.0006237847409750752,0.6930940630713036
565,0.6937181285153933,0.0006243463999506815,0.6937181285153933
566,0.694342755871205,0.0006249085646467534,0.694342755871205
567,0.6949679456446868,0.0006254712355188152,0.6949679456446868
568,0.6955936983422426,0.0006260344130226692,0.6955936983422426
569,0.6962200144707321,0.0006265980976143948,0.6962200144707321
570,0.6968468945374714,0.0006271622897506268,0.6968468945374714
571,0.6974743390502334,0.0006277269898883331,0.6974743390502334
572,0.6981023485172481,0.0006282921984849255,0.6981023485172481
573,0.6987309234472032,0.0006288579159982599,0.6987309234472032
574,0.6993600643492446,0.000629424142886581,0.6993600643492446
575,0.6999897717329764,0.0006299908796084663,0.6999897717329764
576,0.7006200461084615,0.0006305581266229932,0.7006200461084615
577,0.7012508879862224,0.0006311258843896272,0.7012508879862224
578,0.7018822978772408,0.0006316941533681675,0.7018822978772408
579,0.7025142762929587,0.0006322629340191344,0.7025142762929587
580,0.703146823745279,0.0006328322268031039,0.703146823745279
581,0.7037799407465649,0.0006334020321811518,0.7037799407465649
582,0.7044136278096413,0.0006339723506149086,0.7044136278096413
583,0.7050478854477947,0.0006345431825663383,0.7050478854477947
584,0.705682714174774,0.0006351145284977933,0.705682714174774
585,0.7063181145047903,0.0006356863888719588,0.7063181145047903
586,0.7069540869525179,0.0006362587641521866,0.7069540869525179
587,0.7075906320330947,0.0006368316548020503,0.7075906320330947
588,0.708227750262122,0.0006374050612855675,0.708227750262122
589,0.7088654421556658,0.0006379789840672556,0.7088654421556658
590,0.7095037082302565,0.000638553423611965,0.7095037082302565
591,0.7101425490028898,0.0006391283803849346,0.7101425490028898
592,0.7107819649910264,0.000639703854851903,0.7107819649910264
593,0.7114219567125936,0.0006402798474791083,0.7114219567125936
594,0.7120625246859846,0.0006408563587329552,0.7120625246859846
595,0.7127036694300595,0.0006414333890805701,0.7127036694300595
596,0.7133453914641458,0.0006420109389892459,0.7133453914641458
597,0.713987691308038,0.0006425890089267194,0.713987691308038
598,0.7146305694819992,0.0006431675993613939,0.7146305694819992
599,0.7152740265067608,0.0006437467107618944,0.7152740265067608
600,0.715918062903523,0.0006443263435972346,0.715918062903523
601,0.7165626791939552,0.0006449064983368724,0.7165626791939552
602,0.7172078759001967,0.0006454871754509317,0.7172078759001967
603,0.7178536535448571,0.0006460683754096475,0.7178536535448571
604,0.718500012651016,0.0006466500986836432,0.718500012651016
605,0.7191469537422244,0.0006472323457443752,0.7191469537422244
606,0.7197944773425048,0.000647815117063355,0.7197944773425048
607,0.7204425839763511,0.0006483984131124831,0.7204425839763511
608,0.7210912741687298,0.0006489822343644369,0.7210912741687298
609,0.72174054844508,0.0006495665812920048,0.72174054844508
610,0.7223904073313138,0.000650151454368586,0.7223904073313138
611,0.7230408513538171,0.0006507368540679126,0.7230408513538171
612,0.7236918810394496,0.0006513227808640498,0.7236918810394496
613,0.7243434969155452,0.0006519092352317291,0.7243434969155452
614,0.724995699509913,0.0006524962176459592,0.724995699509913
615,0.7256484893508371,0.0006530837285820823,0.7256484893508371
616,0.7263018669670772,0.0006536717685160509,0.7263018669670772
617,0.7269558328878692,0.0006542603379242617,0.7269558328878692
618,0.7276103876429257,0.000654849437283278,0.7276103876429257
619,0.7282655317624358,0.0006554390670703847,0.7282655317624358
620,0.7289212657770665,0.0006560292277633106,0.7289212657770665
621,0.7295775902179624,0.0006566199198398404,0.7295775902179624
622,0.7302345056167462,0.000657211143778591,0.7302345056167462
623,0.7308920125055196,0.0006578029000583463,0.7308920125055196
624,0.7315501114168629,0.0006583951891585005,0.7315501114168629
625,0.7322088028838366,0.0006589880115588365,0.7322088028838366
626,0.7328680874399806,0.0006595813677394147,0.7328680874399806
627,0.7335279656193154,0.0006601752581810727,0.7335279656193154
628,0.7341884379563427,0.0006607696833646481,0.7341884379563427
629,0.7348495049860447,0.0006613646437715892,0.7348495049860447
630,0.7355111672438859,0.0006619601398840658,0.7355111672438859
631,0.7361734252658129,0.0006625561721843587,0.7361734252658129
632,0.7368362795882546,0.0006631527411550819,0.7368362795882546
633,0.737499730748123,0.0006637498472795156,0.737499730748123
634,0.7381637792828136,0.0006643474910414393,0.7381637792828136
635,0.7388284257302059,0.0006649456729248548,0.7388284257302059
636,0.7394936706286633,0.000665544393414319,0.7394936706286633
637,0.7401595145170345,0.0006661436529947218,0.7401595145170345
638,0.7408259579346528,0.0006667434521515081,0.7408259579346528
639,0.7414930014213376,0.0006673437913706226,0.7414930014213376
640,0.742160645517394,0.0006679446711381765,0.742160645517394
641,0.7428288907636139,0.0006685460919409469,0.7428288907636139
642,0.7434977377012759,0.0006691480542660999,0.7434977377012759
643,0.7441671868721461,0.0006697505586012453,0.7441671868721461
644,0.7448372388184784,0.0006703536054343817,0.7448372388184784
645,0.7455078940830149,0.0006709571952539517,0.7455078940830149
646,0.7461791532089863,0.000671561328548842,0.7461791532089863
647,0.7468510167401126,0.0006721660058084389,0.7468510167401126
648,0.7475234852206032,0.0006727712275226838,0.7475234852206032
649,0.7481965591951579,0.0006733769941815737,0.7481965591951579
650,0.7488702392089663,0.0006739833062757716,0.7488702392089663
651,0.7495445258077095,0.0006745901642966068,0.7495445258077095
652,0.7502194195375596,0.0006751975687354639,0.7502194195375596
653,0.7508949209451804,0.0006758055200843938,0.7508949209451804
654,0.7515710305777283,0.0006764140188358359,0.7515710305777283
655,0.7522477489828521,0.0006770230654826737,0.7522477489828521
656,0.7529250767086937,0.0006776326605182348,0.7529250767086937
657,0.7536030143038885,0.0006782428044362354,0.7536030143038885
658,0.7542815623175662,0.0006788534977310023,0.7542815623175662
659,0.7549607212993505,0.0006794647408971954,0.7549607212993505
660,0.7556404917993605,0.0006800765344297521,0.7556404917993605
661,0.75632087436821,0.000680688878824387,0.75632087436821
662,0.7570018695570093,0.0006813017745770367,0.7570018695570093
663,0.7576834779173641,0.0006819152221841929,0.7576834779173641
664,0.7583657000013777,0.0006825292221427359,0.7583657000013777
665,0.7590485363616496,0.0006831437749498237,0.7590485363616496
666,0.7597319875512774,0.0006837588811035578,0.7597319875512774
667,0.7604160541238567,0.0006843745411020397,0.7604160541238567
668,0.7611007366334814,0.0006849907554438706,0.7611007366334814
669,0.7617860356347445,0.0006856075246282622,0.7617860356347445
670,0.762471951682738,0.0006862248491548151,0.762471951682738
671,0.7631584853330541,0.000686842729523518,0.7631584853330541
672,0.763845637141785,0.0006874611662348595,0.763845637141785
673,0.7645334076655238,0.0006880801597898278,0.7645334076655238
674,0.7652217974613647,0.0006886997106896331,0.7652217974613647
675,0.7659108070869031,0.0006893198194363181,0.7659108070869031
676,0.7666004371002373,0.0006899404865322034,0.7666004371002373
677,0.7672906880599675,0.0006905617124798313,0.7672906880599675
678,0.767981560525197,0.0006911834977824105,0.767981560525197
679,0.7686730550555323,0.0006918058429437601,0.7686730550555323
680,0.7693651722110845,0.000692428748467866,0.7693651722110845
681,0.770057912552468,0.0006930522148592688,0.770057912552468
682,0.770751276640803,0.0006936762426230647,0.770751276640803
683,0.7714452650377142,0.0006943008322645716,0.7714452650377142
684,0.7721398783053322,0.0006949259842897737,0.7721398783053322
685,0.7728351170062937,0.0006955516992050437,0.7728351170062937
686,0.7735309817037422,0.0006961779775173649,0.7735309817037422
687,0.7742274729613284,0.0006968048197338872,0.7742274729613284
688,0.77492459134321,0.0006974322263622601,0.77492459134321
689,0.775622337414053,0.0006980601979107437,0.775622337414053
690,0.7763207117390315,0.0006986887348880422,0.7763207117390315
691,0.777019714883829,0.0006993178378033593,0.777019714883829
692,0.7777193474146382,0.000699947507166121,0.7777193474146382
693,0.7784196098981613,0.0007005777434863081,0.7784196098981613
694,0.7791205029016108,0.0007012085472745677,0.7791205029016108
695,0.7798220269927104,0.0007018399190418245,0.7798220269927104
696,0.7805241827396945,0.0007024718592994472,0.7805241827396945
697,0.7812269707113093,0.0007031043685592486,0.7812269707113093
698,0.781930391476813,0.0007037374473336522,0.781930391476813
699,0.7826344456059766,0.0007043710961355254,0.7826344456059766
700,0.783339133669084,0.0007050053154779024,0.783339133669084
701,0.7840444562369324,0.0007056401058746498,0.7840444562369324
702,0.7847504138808333,0.0007062754678399119,0.7847504138808333
703,0.7854570071726122,0.0007069114018883327,0.7854570071726122
704,0.78616423668461,0.0007075479085351111,0.78616423668461
705,0.7868721029896825,0.0007081849882957236,0.7868721029896825
706,0.7875806066612014,0.0007088226416861465,0.7875806066612014
707,0.7882897482730548,0.000709460869222911,0.7882897482730548
708,0.7889995283996473,0.0007100996714231034,0.7889995283996473
709,0.789709947615901,0.0007107390488041432,0.789709947615901
710,0.7904210064972556,0.0007113790018837274,0.7904210064972556
711,0.7911327056196684,0.0007120195311802746,0.7911327056196684
712,0.7918450455596161,0.0007126606372127586,0.7918450455596161
713,0.7925580268940939,0.0007133023205004307,0.7925580268940939
714,0.793271650200617,0.0007139445815630974,0.793271650200617
715,0.7939859160572201,0.0007145874209208425,0.7939859160572201
716,0.7947008250424586,0.0007152308390944162,0.7947008250424586
717,0.795416377735409,0.0007158748366049572,0.795416377735409
718,0.7961325747156686,0.0007165194139742148,0.7961325747156686
719,0.7968494165633574,0.0007171645717242159,0.7968494165633574
720,0.797566903859117,0.0007178103103775979,0.797566903859117
721,0.7982850371841126,0.0007184566304573314,0.7982850371841126
722,0.7990038171200317,0.0007191035324869421,0.7990038171200317
723,0.7997232442490865,0.0007197510169906218,0.7997232442490865
724,0.8004433191540129,0.0007203990844924513,0.8004433191540129
725,0.8011640424180714,0.000721047735517677,0.8011640424180714
726,0.8018854146250483,0.0007216969705916565,0.8018854146250483
727,0.8026074363592547,0.0007223467902401359,0.8026074363592547
728,0.8033301082055285,0.0007229971949896385,0.8033301082055285
729,0.804053430749234,0.0007236481853667986,0.804053430749234
730,0.8047774045762621,0.0007242997618990277,0.8047774045762621
731,0.805502030273032,0.0007249519251141812,0.805502030273032
732,0.8062273084264905,0.0007256046755405032,0.8062273084264905
733,0.806953239624113,0.0007262580137065711,0.806953239624113
734,0.8076798244539036,0.0007269119401415725,0.8076798244539036
735,0.8084070635043962,0.0007275664553754169,0.8084070635043962
736,0.8091349573646545,0.0007282215599381248,0.8091349573646545
737,0.8098635066242724,0.0007288772543602717,0.8098635066242724
738,0.810592711873375,0.000729533539173044,0.810592711873375
739,0.8113225737026185,0.0007301904149080718,0.8113225737026185
740,0.8120530927031911,0.0007308478820973185,0.8120530927031911
741,0.8127842694668131,0.0007315059412734137,0.8127842694668131
742,0.813516104585738,0.0007321645929693754,0.813516104585738
743,0.8142485986527519,0.0007328238377186658,0.8142485986527519
744,0.8149817522611753,0.0007334836760553576,0.8149817522611753
745,0.8157155660048626,0.0007341441085138012,0.8157155660048626
746,0.8164500404782029,0.0007348051356290686,0.8164500404782029
747,0.8171851762761208,0.0007354667579365648,0.8171851762761208
748,0.817920973994076,0.0007361289759720835,0.817920973994076
749,0.8186574342280649,0.0007367917902721399,0.8186574342280649
750,0.8193945575746203,0.0007374552013735824,0.8193945575746203
751,0.8201323446308121,0.0007381192098138145,0.8201323446308121
752,0.820870795994248,0.0007387838161306282,0.820870795994248
753,0.8216099122630733,0.0007394490208623705,0.8216099122630733
754,0.8223496940359727,0.0007401148245478884,0.8223496940359727
755,0.8230901419121691,0.000740781227726417,0.8230901419121691
756,0.8238312564914255,0.0007414482309377468,0.8238312564914255
757,0.8245730383740446,0.0007421158347222789,0.8245730383740446
758,0.8253154881608701,0.0007427840396206364,0.8253154881608701
759,0.8260586064532859,0.000743452846174053,0.8260586064532859
760,0.8268023938532182,0.0007441222549243731,0.8268023938532182
761,0.8275468509631346,0.000744792266413774,0.8275468509631346
762,0.8282919783860457,0.0007454628811849329,0.8282919783860457
763,0.8290377767255045,0.0007461340997810262,0.8290377767255045
764,0.8297842465856078,0.0007468059227458412,0.8297842465856078
765,0.8305313885709962,0.0007474783506234983,0.8305313885709962
766,0.8312792032868548,0.0007481513839586174,0.8312792032868548
767,0.8320276913389134,0.0007488250232963733,0.8320276913389134
768,0.8327768533334475,0.0007494992691824409,0.8327768533334475
769,0.8335266898772783,0.0007501741221630498,0.8335266898772783
770,0.8342772015777736,0.0007508495827847073,0.8342772015777736
771,0.8350283890428477,0.0007515256515945312,0.8350283890428477
772,0.8357802528809627,0.0007522023291401947,0.8357802528809627
773,0.8365327937011281,0.0007528796159697593,0.8365327937011281
774,0.8372860121129022,0.0007535575126318417,0.8372860121129022
775,0.8380399087263918,0.0007542360196756137,0.8380399087263918
776,0.8387944841522534,0.0007549151376505803,0.8387944841522534
777,0.8395497390016929,0.0007555948671067458,0.8395497390016929
778,0.8403056738864669,0.0007562752085948921,0.8403056738864669
779,0.8410622894188827,0.0007569561626660781,0.8410622894188827
780,0.8418195862117991,0.0007576377298716963,0.8418195862117991
781,0.8425775648786261,0.0007583199107639715,0.8425775648786261
782,0.843336226033327,0.0007590027058954618,0.843336226033327
783,0.844095570290417,0.0007596861158190027,0.844095570290417
784,0.844855598264965,0.0007603701410884289,0.844855598264965
785,0.8456163105725939,0.0007610547822576863,0.8456163105725939
786,0.8463777078294804,0.0007617400398813312,0.8463777078294804
787,0.8471397906523566,0.0007624259145146417,0.8471397906523566
788,0.8479025596585097,0.0007631124067128958,0.8479025596585097
789,0.8486660154657824,0.0007637995170320377,0.8486660154657824
790,0.8494301586925738,0.0007644872460290664,0.8494301586925738
791,0.8501949899578405,0.000765175594260814,0.8501949899578405
792,0.8509605098810954,0.0007658645622847238,0.8509605098810954
793,0.8517267190824099,0.0007665541506590157,0.8517267190824099
794,0.8524936181824134,0.0007672443599421319,0.8524936181824134
795,0.8532612078022942,0.0007679351906932363,0.8532612078022942
796,0.8540294885637999,0.0007686266434719924,0.8540294885637999
797,0.8547984610892382,0.000769318718838341,0.8547984610892382
798,0.8555681260014766,0.0007700114173528894,0.8555681260014766
799,0.856338483923944,0.0007707047395766886,0.856338483923944
800,0.85710953548063,0.0007713986860714006,0.85710953548063
801,0.8578812812960868,0.0007720932573990757,0.8578812812960868
802,0.8586537219954281,0.000772788454122264,0.8586537219954281
803,0.8594268582043313,0.0007734842768042371,0.8594268582043313
804,0.8602006905490366,0.0007741807260085443,0.8602006905490366
805,0.8609752196563484,0.0007748778022992342,0.8609752196563484
806,0.861750446153635,0.0007755755062409664,0.861750446153635
807,0.8625263706688303,0.0007762738383988999,0.8625263706688303
808,0.8633029938304329,0.0007769727993386932,0.8633029938304329
809,0.8640803162675077,0.0007776723896265603,0.8640803162675077
810,0.864858338609686,0.0007783726098289923,0.864858338609686
811,0.8656370614871657,0.0007790734605133687,0.8656370614871657
812,0.8664164855307127,0.000779774942247291,0.8664164855307127
813,0.8671966113716603,0.000780477055598805,0.8671966113716603
814,0.8679774396419103,0.0007811798011368998,0.8679774396419103
815,0.8687589709739341,0.0007818831794307313,0.8687589709739341
816,0.8695412060007718,0.0007825871910499549,0.8695412060007718
817,0.870324145356034,0.0007832918365648367,0.870324145356034
818,0.8711077896739015,0.0007839971165461423,0.8711077896739015
819,0.8718921395891263,0.0007847030315651371,0.8718921395891263
820,0.8726771957370317,0.0007854095821935858,0.8726771957370317
821,0.8734629587535134,0.0007861167690039195,0.8734629587535134
822,0.8742494292750396,0.0007868245925689021,0.8742494292750396
823,0.8750366079386512,0.0007875330534616864,0.8750366079386512
824,0.8758244953819629,0.0007882421522564242,0.8758244953819629
825,0.8766130922431641,0.0007889518895273784,0.8766130922431641
826,0.8774023991610177,0.0007896622658493113,0.8774023991610177
827,0.8781924167748627,0.0007903732817978182,0.8781924167748627
828,0.8789831457246133,0.0007910849379486606,0.8789831457246133
829,0.87977458665076,0.0007917972348782665,0.87977458665076
830,0.8805667401943699,0.0007925101731637296,0.8805667401943699
831,0.8813596069970875,0.0007932237533825881,0.8813596069970875
832,0.882153187701135,0.000793937976112713,0.882153187701135
833,0.8829474829493129,0.000794652841932475,0.8829474829493129
834,0.883742493385,0.0007953683514211329,0.883742493385
835,0.8845382196521552,0.0007960845051582788,0.8845382196521552
836,0.8853346623953166,0.0007968013037239485,0.8853346623953166
837,0.8861318222596031,0.0007975187476987888,0.8861318222596031
838,0.8869296998907141,0.0007982368376636129,0.8869296998907141
839,0.8877282959349303,0.0007989555742003995,0.8877282959349303
840,0.8885276110391149,0.0007996749578913498,0.8885276110391149
841,0.889327645850713,0.0008003949893189422,0.889327645850713
842,0.8901284010177528,0.0008011156690665433,0.8901284010177528
843,0.8909298771888461,0.0008018369977179085,0.8909298771888461
844,0.8917320750131886,0.0008025589758573481,0.8917320750131886
845,0.8925349951405608,0.0008032816040695612,0.8925349951405608
846,0.8933386382213278,0.0008040048829398572,0.8933386382213278
847,0.8941430049064405,0.0008047288130541563,0.8941430049064405
848,0.8949480958474361,0.0008054533949988785,0.8949480958474361
849,0.8957539116964383,0.000806178629360943,0.8957539116964383
850,0.896560453106158,0.0008069045167277134,0.896560453106158
851,0.8973677207298937,0.0008076310576869972,0.8973677207298937
852,0.898175715221532,0.0008083582528276567,0.898175715221532
853,0.898984437235549,0.0008090861027386098,0.898984437235549
854,0.8997938874270092,0.0008098146080092739,0.8997938874270092
855,0.9006040664515675,0.0008105437692298434,0.9006040664515675
856,0.9014149749654689,0.0008112735869908461,0.9014149749654689
857,0.9022266136255492,0.0008120040618835311,0.9022266136255492
858,0.9030389830892359,0.0008127351944995365,0.9030389830892359
859,0.9038520840145483,0.000813466985431166,0.9038520840145483
860,0.9046659170600982,0.0008141994352710014,0.9046659170600982
861,0.9054804828850903,0.0008149325446124567,0.9054804828850903
862,0.9062957821493232,0.0008156663140493348,0.9062957821493232
863,0.907111815513189,0.000816400744175938,0.907111815513189
864,0.907928583637675,0.0008171358355872349,0.907928583637675
865,0.9087460871843634,0.0008178715888785826,0.9087460871843634
866,0.9095643268154322,0.0008186080046459487,0.9095643268154322
867,0.9103833031936553,0.0008193450834858562,0.9103833031936553
868,0.9112030169824039,0.000820082825995383,0.9112030169824039
869,0.9120234688456461,0.0008208212327719955,0.9120234688456461
870,0.9128446594479479,0.0008215603044137154,0.9128446594479479
871,0.9136665894544735,0.0008223000415194526,0.9136665894544735
872,0.9144892595309868,0.0008230404446883388,0.9144892595309868
873,0.9153126703438502,0.0008237815145199501,0.9153126703438502
874,0.9161368225600267,0.000824523251614695,0.9161368225600267
875,0.9169617168470796,0.0008252656565733152,0.9169617168470796
876,0.9177873538731733,0.0008260087299969965,0.9177873538731733
877,0.9186137343070736,0.0008267524724878683,0.9186137343070736
878,0.9194408588181491,0.0008274968846485042,0.9194408588181491
879,0.9202687280763706,0.0008282419670813668,0.9202687280763706
880,0.9210973427523118,0.0008289877203903617,0.9210973427523118
881,0.9219267035171513,0.0008297341451795615,0.9219267035171513
882,0.9227568110426709,0.0008304812420533714,0.9227568110426709
883,0.9235876660012581,0.0008312290116170296,0.9235876660012581
884,0.924419269065905,0.0008319774544762182,0.924419269065905
885,0.9252516209102105,0.0008327265712372856,0.9252516209102105
886,0.9260847222083796,0.000833476362506913,0.9260847222083796
887,0.9269185736352243,0.0008342268288923371,0.9269185736352243
888,0.9277531758661642,0.0008349779710015159,0.9277531758661642
889,0.9285885295772274,0.0008357297894430182,0.9285885295772274
890,0.9294246354450503,0.0008364822848255793,0.9294246354450503
891,0.9302614941468785,0.0008372354577589336,0.9302614941468785
892,0.9310991063605681,0.0008379893088530932,0.9310991063605681
893,0.9319374727645847,0.0008387438387185142,0.9319374727645847
894,0.9327765940380052,0.0008394990479665965,0.9327765940380052
895,0.9336164708605179,0.0008402549372089063,0.9336164708605179
896,0.934457103912423,0.0008410115070576762,0.934457103912423
897,0.9352984938746333,0.0008417687581259714,0.9352984938746333
898,0.9361406414286749,0.000842526691026857,0.9361406414286749
899,0.936983547256687,0.0008432853063744528,0.936983547256687
900,0.9378272120414238,0.0008440446047833783,0.9378272120414238
901,0.9386716364662537,0.000844804586868253,0.9386716364662537
902,0.9395168212151603,0.0008455652532449731,0.9395168212151603
903,0.9403627669727437,0.0008463266045295459,0.9403627669727437
904,0.9412094744242194,0.0008470886413386447,0.9412094744242194
905,0.942056944255421,0.0008478513642898311,0.942056944255421
906,0.9429051771527991,0.0008486147740005556,0.9429051771527991
907,0.9437541738034221,0.000849378871089157,0.9437541738034221
908,0.9446039348949774,0.0008501436561748621,0.9446039348949774
909,0.9454544611157718,0.0008509091298769533,0.9454544611157718
910,0.9463057531547313,0.0008516752928154347,0.9463057531547313
911,0.9471578117014027,0.0008524421456109765,0.9471578117014027
912,0.9480106374459533,0.0008532096888846374,0.9480106374459533
913,0.948864231079172,0.0008539779232581979,0.948864231079172
914,0.9497185932924697,0.0008547468493540489,0.9497185932924697
915,0.95057372477788,0.000855516467794859,0.95057372477788
916,0.9514296262280594,0.0008562867792039075,0.9514296262280594
917,0.9522862983362879,0.0008570577842054172,0.9522862983362879
918,0.9531437417964702,0.0008578294834237776,0.9531437417964702
919,0.9540019573031354,0.0008586018774840998,0.9540019573031354
920,0.9548609455514384,0.0008593749670119388,0.9548609455514384
921,0.9557207072371593,0.0008601487526334606,0.9557207072371593
922,0.9565812430567053,0.0008609232349756635,0.9565812430567053
923,0.9574425537071106,0.000861698414665657,0.9574425537071106
924,0.9583046398860366,0.0008624742923314943,0.9583046398860366
925,0.9591675022917736,0.0008632508686015616,0.9591675022917736
926,0.9600311416232398,0.0008640281441046338,0.9600311416232398
927,0.9608955585799829,0.0008648061194707068,0.9608955585799829
928,0.9617607538621812,0.0008655847953299434,0.9617607538621812
929,0.9626267281706428,0.0008663641723127835,0.9626267281706428
930,0.9634934822068068,0.0008671442510505556,0.9634934822068068
931,0.9643610166727439,0.0008679250321753096,0.9643610166727439
932,0.9652293322711574,0.0008687065163194285,0.9652293322711574
933,0.9660984297053827,0.0008694887041158506,0.9660984297053827
934,0.9669683096793891,0.0008702715961981244,0.9669683096793891
935,0.967838972897779,0.0008710551932004096,0.967838972897779
936,0.9687104200657899,0.000871839495757476,0.9687104200657899
937,0.9695826518892939,0.0008726245045046488,0.9695826518892939
938,0.9704556690747992,0.0008734102200776972,0.9704556690747992
939,0.9713294723294493,0.0008741966431130566,0.9713294723294493
940,0.9722040623610253,0.0008749837742477728,0.9722040623610253
941,0.9730794398779449,0.0008757716141192806,0.9730794398779449
942,0.9739556055892639,0.0008765601633659026,0.9739556055892639
943,0.9748325602046767,0.0008773494226264056,0.9748325602046767
944,0.9757103044345167,0.0008781393925398895,0.9757103044345167
945,0.9765888389897565,0.0008789300737462868,0.9765888389897565
946,0.9774681645820092,0.0008797214668861963,0.9774681645820092
947,0.9783482819235289,0.0008805135726004942,0.9783482819235289
948,0.9792291917272102,0.0008813063915308339,0.9792291917272102
949,0.9801108947065905,0.0008820999243194794,0.9801108947065905
950,0.9809933915758492,0.0008828941716089722,0.9809933915758492
951,0.9818766830498085,0.0008836891340427977,0.9818766830498085
952,0.9827607698439348,0.0008844848122650517,0.9827607698439348
953,0.9836456526743386,0.0008852812069198857,0.9836456526743386
954,0.9845313322577746,0.0008860783186525056,0.9845313322577746
955,0.9854178093116436,0.0008868761481087284,0.9854178093116436
956,0.986305084553992,0.0008876746959346482,0.986305084553992
957,0.9871931587035129,0.0008884739627771365,0.9871931587035129
958,0.9880820324795463,0.0008892739492835644,0.9880820324795463
959,0.98897170660208,0.0008900746561019135,0.98897170660208
960,0.9898621817917501,0.0008908760838808316,0.9898621817917501
961,0.9907534587698417,0.0008916782332695217,0.9907534587698417
962,0.9916455382582892,0.0008924811049174641,0.9916455382582892
963,0.9925384209796766,0.0008932846994750832,0.9925384209796766
964,0.9934321076572393,0.0008940890175934135,0.9934321076572393
965,0.9943265990148634,0.0008948940599239896,0.9943265990148634
966,0.9952218957770873,0.0008956998271188454,0.9952218957770873
967,0.9961179986691011,0.0008965063198305145,0.9961179986691011
968,0.9970149084167483,0.0008973135387124742,0.9970149084167483
969,0.9979126257465261,0.0008981214844183127,0.9979126257465261
970,0.998811151385585,0.0008989301576025621,0.998811151385585
971,0.9997104860617312,0.0005944243072075195,0.9997104860617312
972,1.0,0.0001447569691344075,1.0
973,1.0,0.0,1.0
974,1.0,0.0,1.0
975,1.0,0.0,1.0
976,1.0,0.0,1.0
977,1.0,0.0,1.0
978,1.0,0.0,1.0
979,1.0,0.0,1.0
980,1.0,0.0,1.0
981,1.0,0.0,1.0
982,1.0,0.0,1.0
983,1.0,0.0,1.0
984,1.0,0.0,1.0
985,1.0,0.0,1.0
986,1.0,0.0,1.0
987,1.0,0.0,1.0
988,1.0,0.0,1.0
989,1.0,0.0,1.0
990,1.0,0.0,1.0
991,1.0,0.0,1.0
992,1.0,0.0,1.0
993,1.0,0.0,1.0
994,1.0,0.0,1.0
995,1.0,0.0,1.0
996,1.0,0.0,1.0
997,1.0,0.0,1.0
998,1.0,0.0,1.0
999,1.0,0.0,1.0
1000,1.0,0.0,1.0
